xo,f(xo)
4.000000,4.392349
4.000000,-0.447110